mihokugashige, Fri Jan 29 06:49:56 +0000 2021, 127.509560, 29.376884, やっば、この時間からは早すぎるのかな（笑）アニメ特撮バーGは開いております❤️ 
liuyutzu2, Fri Jan 29 06:49:59 +0000 2021, 120.612349, 22.973791, @s2266ss 對ㄚ 
mandarvaa_102, Fri Jan 29 06:50:06 +0000 2021, 103.836986, 46.858024, @Dusha8899 тхх бүр бэлэг солилцсон 
PeterYokoyama, Fri Jan 29 06:50:09 +0000 2021, 114.195884, 22.321321, せやねん。そーいや、しぞーかの清水でその昔、アメリカへの出稼ぎが多かったのは砂地で耕作の困難な三保の人やった。 
guan49541396, Fri Jan 29 06:50:10 +0000 2021, 108.266510, 23.644075, 咦～外表稚嫩的高中男生🔞换上女装黑丝就开始发情了呢🥴～先玩弄一番一会有他受的😋 #药娘 #伪娘 #ladyboy #女装子 #女装娘 #可爱的男孩子 #crossdress #偽娘 #人妖 #丝袜 #cd #贞操锁 #调教… https://t.co/pGJVsH569Z 
khulan9009, Fri Jan 29 06:50:15 +0000 2021, 103.836986, 46.858024, Эрүүл мэндийн сайд Энхболд гэж хэнийн 🙄🙄🙄 
hnleehn, Fri Jan 29 06:50:17 +0000 2021, 105.655425, 20.974660, winneen in one project?? 
sally6792, Fri Jan 29 06:50:18 +0000 2021, 120.326451, 29.159846, @Jack32397140 @Rengongmeng 第二句看不懂 
Chausang9, Fri Jan 29 06:50:23 +0000 2021, 113.419725, 22.869936, 代入感很强 我已经开始尴尬了 
Nomfundo_PM, Fri Jan 29 06:50:28 +0000 2021, 121.415811, 31.279915, @RadioEdith Get you. 
TLovestone, Fri Jan 29 06:50:35 +0000 2021, 113.567697, 22.151049, My #ElementaryPE classes are super engaged and having so much fun with @Sworkit kids fitness videos. Highly recomme… https://t.co/ezHbW4FRpq 
zbgq123, Fri Jan 29 06:50:38 +0000 2021, 118.769876, 36.395863, https://t.co/WqJjq4flEp 
tungshan51, Fri Jan 29 06:50:38 +0000 2021, 120.955862, 24.220837, @VbhzR9S7lPBqpL7 感謝感謝 
bayarkhu, Fri Jan 29 06:50:41 +0000 2021, 103.836986, 46.858024, Jenko gj nohroosoo salaagui yumuu 
xiaoyao_man, Fri Jan 29 06:50:43 +0000 2021, 113.419725, 22.869936, @omcmad @IamPolarbear01 那就是目前还不行吧 
hahnabelle, Fri Jan 29 06:50:44 +0000 2021, 126.479200, 43.576881, @imightwhoknows Pearl u really happy having partners right!😂🤣 
Passerby_91, Fri Jan 29 06:50:45 +0000 2021, 117.252755, 32.026384, @LeslieTimberlac 我压根就不是阜阳市区的 我是五个县其中一个的 哈哈 
liuyutzu2, Fri Jan 29 06:50:53 +0000 2021, 120.612349, 22.973791, @KUAN0906 每天換ㄚ～不然我會長痘痘 
WQMkk0P02NC51aF, Fri Jan 29 06:50:59 +0000 2021, 120.612349, 22.973791, เพิร์ ธ ขอแสดงความยินดีมีคนสนับสนุนคุณมากขึ้นเรื่อย ๆ💕🐯💕🐯💕🐯💕🐯💕🐯💕🐯 https://t.co/qiysWu5rtc 
dark99999999999, Fri Jan 29 06:51:03 +0000 2021, 99.745628, 19.567602, @chanumod234 อยากได้ๆๆๆไ 
OW3uYHbOuyXubsZ, Fri Jan 29 06:51:11 +0000 2021, 121.645086, 24.986342, 雙人早餐甜蜜時光，板栗红薯🍠老公赞賞，老公坚持✊吃粗粮，蔬菜沙拉🥗咖喱豆腐，自製醪糟鸡蛋藕粉汤，完美而豐盛的一餐。 
SexyBoy21401839, Fri Jan 29 06:51:15 +0000 2021, 121.561476, 25.085756, @iingwen @MOHW_Taiwan stupid 🥬 pig 
yuimyun, Fri Jan 29 06:51:23 +0000 2021, 105.855566, 20.182090, ９歳までの子供は、自分ができる事でもできないフリをしたり、実際より大きな被害を受けたフリをして、親が助けてくれるかどうかを試しまくっている。「そんなの自分でできる！」って言って自分でやり出すまで、子供の手玉に乗り、過保護でいる事で、その子は安心快楽刺激に支配されない人生を送れる。 
yuimyun, Fri Jan 29 06:51:25 +0000 2021, 105.855566, 20.182090, はず。【…主部分が省略されました】生の世界が完全に閉じる９歳の時の精神の状態を７０才頃まで追い続けるのが人の人生。理想の自分像を追い続ける不安と我欲の人生にするのか、心地好さで満たされた安心の人生にするのかは、９歳で決ま… https://t.co/kkTmzfTyIm 
msn501, Fri Jan 29 06:51:27 +0000 2021, 120.345274, 23.150548, 🐰🐰💚💜👁️👁️#winmetawin https://t.co/OusLFdcjek 
B_Maralma, Fri Jan 29 06:51:31 +0000 2021, 103.836986, 46.858024, me2 Neeh aiamr shuud bie arzaidag bolson ble 
byla520, Fri Jan 29 06:51:37 +0000 2021, 104.137242, 35.808031, 上海北京深圳广州成都杭州重庆武汉苏州西安天津南京郑州长沙沈阳青岛宁波东莞无锡昆明大连厦门合肥福州济南温州长春常州泉州南宁贵阳南昌南通金华徐州太原嘉兴烟台惠州保定台州潍坊兰州约炮#兼职#个人#人妻#制服#处女#母女#双胞胎#sm#空… https://t.co/SghzmpDeC3 
WangJerry13, Fri Jan 29 06:51:40 +0000 2021, 116.461236, 40.246380, @puMQX1II6ZnGbAb 那么棒 
muscularwriter, Fri Jan 29 06:51:48 +0000 2021, 121.561476, 25.085756, 喔喔喔喔喔摸起來豪可愛噢。 
ErbolatMaitan, Fri Jan 29 06:51:55 +0000 2021, 103.836986, 46.858024, 🤣🤣 
btnnn_, Fri Jan 29 06:52:01 +0000 2021, 105.655425, 20.974660, https://t.co/JkU7iX97W4 
taoyouyou, Fri Jan 29 06:52:04 +0000 2021, 113.419725, 22.869936, @mostluosifen 两害相权取其轻。 
fengling1130, Fri Jan 29 06:52:10 +0000 2021, 112.255402, 31.160632, 甜甜的！！以及扣子扣不上是因為胸大。。Sweet! ! And the buttons can't be buckled because of the big breasts. . 
SuwiiLin, Fri Jan 29 06:52:11 +0000 2021, 121.645086, 24.986342, 記得你是何時加入 Twitter 的嗎？我記得！#我的Twitter週年紀念日 https://t.co/dWGAdfIXEn 
NNhaiyou, Fri Jan 29 06:52:11 +0000 2021, 108.266510, 23.644075, 南宁有公0吗 https://t.co/6sAYL7DmzL 
dark99999999999, Fri Jan 29 06:52:18 +0000 2021, 99.745628, 19.567602, ช่วงนี้เงี่ยนบ่อยจังวะ น้ำ4 ยังใหว  ว่าวบ่อยควยดำหมดละกู  💦💦💦💦 https://t.co/dG8GQvVP9b 
mkh891001, Fri Jan 29 06:52:24 +0000 2021, 116.461236, 40.246380, @029_1069 @Jason_yangguang 这个0好帅 
g_ganbat, Fri Jan 29 06:52:28 +0000 2021, 103.836986, 46.858024, Ахиулаад жаахан цаашаа харахад ил байж л байна. Уул уурхайн салбарын нэг нөлөө бүхий хүний захиалга байна даа. 
fedurante, Fri Jan 29 06:52:34 +0000 2021, 120.326451, 29.159846, Vietnam apertando controle contra Covid-19, rolando uma onda grande por lá, 93 casos!Vietnam tem metade da populaç… https://t.co/RA9BtzumXA 
Ochbadrakh_B, Fri Jan 29 06:52:38 +0000 2021, 103.836986, 46.858024, @Boldsaikhan_dr Болдоо минь! Амь хайрласан олон хүүхэд, хүмүүсийн ерөөл, сэтгэл эргээд өөрт чинь буян болж нөлөөлө… https://t.co/jNDapoJ2N0 
deegii_btryahoo, Fri Jan 29 06:52:42 +0000 2021, 103.836986, 46.858024, @TULGA_ 15 цагаас байх шүү 
Loir0FPS, Fri Jan 29 06:52:43 +0000 2021, 113.565838, 22.161794, @Sleeepyy69420 @MaxHuhh Noti 
G3TtQZz9ZdZWFkl, Fri Jan 29 06:52:45 +0000 2021, 116.642857, 39.337211, @NzdeROnLUkyStkp @miwandashi 好吧哈哈，ig聊？ 
SuwiiLin, Fri Jan 29 06:52:49 +0000 2021, 121.645086, 24.986342, @jj4444444 哪有姐姐不是這樣說的吧 
Nomfundo_PM, Fri Jan 29 06:52:58 +0000 2021, 121.415811, 31.279915, I shop at the men’s section almost every time I buy my sporty clothing but I still would take a nigga’s hoodie. It’… https://t.co/6KwykRixJN 
zhangbowennick, Fri Jan 29 06:53:05 +0000 2021, 113.484016, 33.875410, 傻逼玩意儿跟你妈一样的下贱货 丑逼多作怪 娘逼伪货 https://t.co/DTcexwL063 
taoyouyou, Fri Jan 29 06:53:08 +0000 2021, 113.419725, 22.869936, @yueshensiwo 这个真的就只是参与历史了。一定做好损失的心理准备。我只是拿了很小一部分放在上面去战斗。 
caBvVGj8MY53Mji, Fri Jan 29 06:53:09 +0000 2021, 122.310673, 41.097476, 天气真冷，约都懒得约 https://t.co/VhOgK6ZAmt 
SuwiiLin, Fri Jan 29 06:53:11 +0000 2021, 121.645086, 24.986342, @yangtheonly @Wither_28 哈哈哈哈，太黑暗了，我不敢想 
jonathanalim, Fri Jan 29 06:53:14 +0000 2021, 114.171307, 22.295747, 💈CNY ✂️ https://t.co/u2hgwYYYF6 
KingYangTing, Fri Jan 29 06:53:14 +0000 2021, 120.279012, 22.627799, 靜。#金馬賓館當代美術館 #狂禪 場所: 永添藝術｜金馬賓館 https://t.co/MAZnIEOYGg 
MarySpinoza14, Fri Jan 29 06:53:28 +0000 2021, 118.278993, 25.924476, @AndresFQL Eso papi ❤️ si tomas la merengada y el fit 9 te pones así xD 
SexyBoy21401839, Fri Jan 29 06:53:41 +0000 2021, 121.561476, 25.085756, @qiuxingchuan @iingwen @MOHW_Taiwan 我看你暱稱的樣子我只想笑！ 
feenuxy, Fri Jan 29 06:53:50 +0000 2021, 105.812894, 21.035791, Good coffee, failed cookies. 🤣 @ One Roaster Coffee - By Clean Cup https://t.co/VWsgbOGdhm 
SuwiiLin, Fri Jan 29 06:53:50 +0000 2021, 121.645086, 24.986342, @yangtheonly 那妳也會滿出來喔，壞笑 
UcSsb5, Fri Jan 29 06:53:52 +0000 2021, 104.137242, 35.808031, 上海北京深圳广州成都杭州重庆武汉苏州西安天津南京郑州长沙沈阳青岛宁波东莞无锡昆明大连厦门合肥福州济南温州长春常州泉州南宁贵阳南昌南通金华徐州太原嘉兴烟台惠州保定台州潍坊兰州约炮#兼职#个人#人妻#制服#处女#母女#双胞胎#sm#空… https://t.co/focpviNJBK 
EirelavTin, Fri Jan 29 06:53:54 +0000 2021, 114.153554, 22.331304, Buti naka-mask hahahaha REQUEST @SB19Official @MTV #FridayLivestream#SB19Memeories#SB19 
wtingggggg, Fri Jan 29 06:54:00 +0000 2021, 108.983853, 34.198376, 泡澡是这个世界上最享受的事情 https://t.co/AGWA2h4nV5 
deegii_btryahoo, Fri Jan 29 06:54:06 +0000 2021, 103.836986, 46.858024, @undriga би зөвхөн өвөөг хараад ккк 
SuwiiLin, Fri Jan 29 06:54:15 +0000 2021, 121.645086, 24.986342, @sexyboygirlp2 又嘖我，難過 
chuchoenchina, Fri Jan 29 06:54:30 +0000 2021, 113.419725, 22.869936, Desayuno de campeón #chuchoenchina #guangzhou #china @chuchoenchina #pekinpato #campeon https://t.co/Q0TUptcjPU 
wangcolaneko, Fri Jan 29 06:54:35 +0000 2021, 120.535383, 23.700700, 跟建築物有關的數量單位詞。 @ 王可樂日語 https://t.co/CJhQ0Pvgsb 
Haitiprince23, Fri Jan 29 06:54:35 +0000 2021, 108.886978, 34.217868, 最近 https://t.co/T3FTfRQ9po 
wusaile1, Fri Jan 29 06:54:45 +0000 2021, 117.252755, 32.026384, 你们喜欢这样的身材🐔吗@wusaile1 https://t.co/g2nsWhQUUr 
